{
  "user": [
    {
      "date": "2016-05-02",
      "name": "林俊杰",
      "email": "1623556440@qq.com",
      "title": "圣所3.0",
      "address": "新加坡",
      "state": "优秀",
      "id": 1
    },
    {
      "date": "2022-09-08",
      "name": "梦希",
      "email": "2897808901@qq.com",
      "title": "我爱你 22",
      "address": "四川泸州",
      "state": "可爱",
      "id": 2
    },
    {
      "date": "2022-09-15",
      "name": "周杰伦",
      "email": "1566165165@qq.com",
      "title": "地表最强",
      "address": "中国台湾台北",
      "state": "优秀",
      "id": 3
    },
    {
      "date": "2022-09-05",
      "name": "林俊杰",
      "email": "ss@qq.com",
      "title": "dsd",
      "address": "sd",
      "state": "ds",
      "id": 4
    }
  ]
}